1,aaa,1111,M,404-779-8347,dfranzschoninger0@mayoclinic.com
2,bbb,2222,F,375-425-4573,gwipper1@nytimes.com
3,ccc,3333,M,427-182-3942,dortega2@fc2.com
4,Martainn,5365,M,190-304-5230,mleleu3@cafepress.com
5,Ollie,8040,F,891-129-5246,opittle4@time.com
6,Margot,7432,F,801-485-2588,mabarough5@nydailynews.com
7,Mariann,7153,F,879-528-4744,mlarder6@dailymail.co.uk
8,Bancroft,6395,M,472-230-6952,bwatsonbrown7@dailymotion.com
9,Eloise,2903,F,737-785-1814,eturney8@wikimedia.org
10,Conan,9136,M,111-258-0548,czienkiewicz9@delicious.com
11,Asia,8898,F,292-279-9311,abarabicha@google.ru
12,Gabe,9661,M,412-586-0100,gmacgilpatrickb@ibm.com
13,Ogdan,4105,M,214-998-4916,ohurcombec@psu.edu
14,Sascha,8867,M,210-664-8346,sobeed@stanford.edu
15,Beniamino,2646,M,693-383-4094,bjentgese@jalbum.net
16,Jose,2252,M,403-506-5165,jbaitmanf@merriam-webster.com
17,Mamie,8626,F,163-362-5374,mlansberryg@wix.com
18,Dewain,4621,M,860-100-5374,dsprasenh@cocolog-nifty.com
19,Cassy,2912,F,823-208-8649,cprinni@discuz.net
20,Sebastian,8723,M,806-413-1462,sferrandj@goo.ne.jp
21,Almeria,9468,F,464-417-1176,asinottk@columbia.edu
22,Dirk,9389,M,650-579-1370,dcarolanl@sbwire.com
23,Flori,9347,F,969-208-9044,farmanm@amazon.de
24,Jobyna,1347,F,214-517-7585,jmcdualln@a8.net
25,Augusto,7586,M,594-436-1460,atimmso@cisco.com
26,Eolande,1585,F,548-146-5364,erowswellp@ask.com
27,Halsey,7207,M,861-897-7511,hmcginnq@cnet.com
28,Stacie,1891,F,705-864-2621,strothr@tinypic.com
29,Fonsie,8513,M,264-470-1385,fbrimmings@bizjournals.com
30,Rustin,6672,M,570-969-4834,rrathmellt@uol.com.br
31,Leann,6004,F,193-580-9928,lblazicu@paginegialle.it
32,Camille,5020,F,800-537-0839,cambersonv@unesco.org
33,Steve,8901,M,642-349-2155,scamockew@cargocollective.com
34,Dud,2618,M,872-332-5340,dtodhunterx@joomla.org
35,Tiebold,7343,M,492-414-9296,tsilvestery@homestead.com
36,Marcellus,9483,M,860-132-5182,mdickonsz@theglobeandmail.com
37,Jessalin,9165,F,710-491-5557,jworsham10@phpbb.com
38,Walt,7777,M,247-235-9407,wtantrum11@wired.com
39,Brett,6954,F,626-128-9692,bgregory12@ezinearticles.com
40,Bobbie,7377,M,706-970-9007,bsealand13@vistaprint.com
41,Worthy,3087,M,940-711-2077,wwoolfitt14@nasa.gov
42,Jenica,2940,F,145-647-3535,jbowton15@tuttocitta.it
43,Lazare,4989,M,291-858-0910,lfrankham16@auda.org.au
44,Liva,3152,F,545-721-6447,lodwyer17@wired.com
45,Richard,9072,M,813-843-0306,rbolitho18@sitemeter.com
46,Berti,8930,M,810-669-4763,bfinnis19@seesaa.net
47,Georgina,9265,F,248-602-6308,gtouson1a@qq.com
48,Cleon,5350,M,443-130-6614,ccarmichael1b@vinaora.com
49,Meara,2825,F,344-541-5533,mmaplestone1c@fda.gov
50,Venita,8282,F,807-751-0484,vfigge1d@a8.net
51,Jennica,8932,F,542-619-5387,jmeckiff1e@blogger.com
52,Kristal,3316,F,102-812-7049,kpatley1f@washington.edu
53,Benoite,9902,F,128-971-7159,bgriffey1g@ed.gov
54,Tessa,6608,F,540-263-5293,tskey1h@netscape.com
55,Abagail,3463,F,291-559-6884,avobes1i@economist.com
56,Bel,2977,F,455-589-8098,bwigginton1j@prnewswire.com
57,Demetre,8312,M,159-886-7131,dgainseford1k@timesonline.co.uk
58,Brok,2386,M,193-172-0259,borwin1l@list-manage.com
59,Tressa,2076,F,963-399-5745,tsowerbutts1m@ucsd.edu
60,Stormy,5928,F,203-493-8098,smaddrah1n@google.co.uk
61,Chanda,8108,F,371-117-5960,cmaso1o@amazon.de
62,Tanitansy,2252,F,255-835-1020,tmcelory1p@slideshare.net
63,Brooks,7052,F,579-749-8836,bfishbourne1q@gnu.org
64,Boniface,7582,M,353-618-4360,blansberry1r@marketwatch.com
65,Emera,2182,F,697-833-9336,egrichukhanov1s@slate.com
66,Vivien,7752,F,399-335-4246,vkelloway1t@spotify.com
67,Al,9586,M,878-978-2912,abonnette1u@google.com
68,Bruno,1965,M,665-266-1538,bkelshaw1v@topsy.com
69,Jamey,2258,M,125-787-9309,jberggren1w@irs.gov
70,Tish,4045,F,907-536-7981,tklosa1x@soup.io
71,Flossy,7714,F,828-881-5868,fhawken1y@google.com
72,Valentin,3095,M,192-171-9274,vbaudino1z@quantcast.com
73,Camel,3200,F,780-564-3506,ckeyser20@zimbio.com
74,Emelina,2565,F,632-484-1627,eraincin21@google.com
75,Faith,9023,F,691-342-7080,fwolford22@statcounter.com
76,Tami,3707,F,843-632-4557,twoonton23@china.com.cn
77,Dorolisa,1314,F,194-904-0807,dfairburn24@statcounter.com
78,Lion,6094,M,326-311-3862,lmosey25@booking.com
79,Violette,3695,F,968-178-4880,vbirkwood26@psu.edu
80,Malvin,7260,M,312-604-6074,mjewsbury27@jugem.jp
81,Oby,7764,M,497-410-3212,oswait28@seesaa.net
82,Kristos,7940,M,847-244-1372,kbernollet29@state.tx.us
83,Denise,8694,F,749-133-3326,dellerby2a@booking.com
84,Hercules,9367,M,707-981-1720,hbaldelli2b@aboutads.info
85,Sharon,1618,F,727-503-7778,sgwillym2c@army.mil
86,Aurelea,5729,F,125-292-6789,asherwill2d@flavors.me
87,Bernete,8067,F,503-195-8622,bahren2e@livejournal.com
88,Cesar,7351,M,373-869-6036,cgosart2f@intel.com
89,Pip,4687,M,193-220-3484,pshapira2g@psu.edu
90,Germain,6942,M,926-439-2741,gklassman2h@altervista.org
91,Judas,9525,M,628-967-0319,jgaule2i@bbc.co.uk
92,Hildegaard,5773,F,713-252-2226,hdawidman2j@ebay.com
93,Adrianne,8789,F,612-556-8929,abosche2k@umich.edu
94,Sunny,6364,F,524-482-3938,sbowering2l@utexas.edu
95,Chelsey,6879,F,114-856-0443,cmaxwale2m@disqus.com
96,Ileana,1762,F,916-695-8881,iizakovitz2n@about.me
97,Zacharie,7780,M,328-396-9846,zbrosel2o@nifty.com
98,Rhonda,1480,F,806-616-9224,rdrury2p@wsj.com
99,Jessee,2209,M,894-319-7758,jswate2q@pagesperso-orange.fr
100,Quinlan,8429,M,928-845-6306,qhawthorn2r@squarespace.com
